9.880976972919223,25.549844251778794
9.631066798335533,25.543249702086698
9.381224393086415,25.534374929305475
9.131352227748339,25.526422466843563
8.881393621483147,25.521960682885158
8.631402740474368,25.519893348725176
8.381413394736814,25.517733294023238
8.131482030709005,25.51196825921759
7.8816058197226075,25.504116950928736
7.631718663097313,25.49661606948627
7.381822788433099,25.489402367947264
7.1319324996711595,25.481997262064876
6.8820545514707065,25.474188312749792
6.632132772086455,25.46796127752864
6.382167432093772,25.46384038604683
6.132190969376125,25.46041463606206
5.882228182429662,25.456129738795283
5.632299227717954,25.45019468132872
5.382412707765471,25.442665725945044
5.132571046874909,25.433788345930186
4.882764795497198,25.42395382892519
4.632908506527263,25.41551237260072
4.382963262551562,25.41040985857231
4.132971602855723,25.40847888178983
3.8829761200437116,25.407055177122498
3.6330046739173913,25.40333813238688
3.38309597786363,25.39664135469087
3.1332225544868844,25.388688540175334
2.8833261714776643,25.381495773846275
2.6334646466988487,25.373184415046826
2.3836698186480274,25.36306673216441
2.1338283538566905,25.354206168602197
1.8838970249942784,25.348443903199204
1.6339056202440299,25.346628697142886
1.3839080469415181,25.345683848831808
1.1339450237998725,25.341588288003827
0.8840910128759738,25.333113669974555
0.6342892470217664,25.32316113031982
0.3844355570232413,25.31463278673571
0.1345093469662481,25.308577590238144
-0.11543258533213942,25.303192227606853
-0.3653796484038458,25.298049061115243
-0.6153106818453614,25.292181424040937
-0.8652451970470089,25.286469238360265
-1.1151934140272781,25.2813853495126
-1.3651490566684763,25.276692576959004
-1.6151210829991212,25.272958035675813
-1.8650895991000296,25.269016486631863
-2.1150257101522496,25.263449543350468
-2.3648396164494563,25.253862730381393
-2.614612181439365,25.243209061111212
-2.864505059738937,25.236001002717522
-3.1144862693468696,25.233214728750816
-3.3644860682281705,25.232995366429062
-3.614470209329305,25.23051645842826
-3.864346357650487,25.22278975878473
-4.114137352290678,25.212572277970715
-4.364020473541708,25.2050750822812
-4.614007672899844,25.202803647783913
-4.864007053294951,25.20320362904319
-5.1140048109261675,25.202585485349555
-5.3639684942357055,25.198452283393554
-5.613922445530571,25.193722582698264
-5.863915259014983,25.192307865428322
-6.11389601015155,25.195216539166182
-6.363861919838484,25.199334020948008
-6.613853407345801,25.199484809816685
-6.863758107130145,25.19283810480546
-7.113574552671128,25.183264996988022
-7.363478768904499,25.176463656668982
-7.613467863119645,25.174415795381126
-7.863464452982837,25.17321682714445
-8.113442324018706,25.169913016105202
-8.363405549978422,25.165628123447057
-8.613386538988493,25.16270846219864
-8.863383750474528,25.16338040524326
-9.113366886645874,25.166237501281504
-9.363330062709531,25.170518439011225
-9.613276133099264,25.175709549740038
-9.863233851461816,25.18029814784631
-10.11320591449968,25.184029247478342
-10.363193733567948,25.186455738799864
-10.613175505598793,25.189412245426286
-10.8631303243519,25.19416071579756
-11.11309719098366,25.19819845015994
-11.363092029540729,25.198832621682644
-11.613075052676797,25.19596458314094
-11.863062284452278,25.19353966473598
-12.113055502785711,25.194814711616512
-12.36302937909382,25.19842671667994
-12.613022634113873,25.199894846351523
-12.863008243808927,25.197457414980686
-13.112981794913782,25.193845405151716
-13.362976979924719,25.19278425415284
-13.612973820047264,25.19399700021105
-13.862947813468846,25.19099946693249
-14.112785630010842,25.18207188459306
-14.362597119187809,25.1723876481305
-14.61252212816118,25.166440245225523
-14.862516557822298,25.165961666762453
-15.100624846057546,25.166485149536577
-15.324537232061166,25.159779083665878
-15.553077600171559,25.14315636501019
-15.780759846763887,25.121731881813773
-15.99337748121269,25.107353287886195
-16.21226234865146,25.102204074372583
-16.428419830957758,25.102215827095396
-16.663838864547365,25.09715836491338
-16.867989085479575,25.08621458383553
-17.081756348083296,25.071161664100465
-17.303321102789578,25.057046919363465
-17.531108647627526,25.045809872074933
-17.763668173076756,25.035070172288112
-17.999908961467302,25.02349309206463
-18.239096681491795,25.01256195937589
-18.48054276920443,25.001046857405658
-18.723747658424916,24.988846559029415
-18.968304255500893,24.97562512904665
-19.21387117452054,24.960819565932447
-19.460278439045492,24.945626081495067
-19.707411118466084,24.931248461429632
-19.954978880721914,24.915327383221722
-20.202717004035073,24.895962229274122
-20.45051613138307,24.873445568747282
-20.69847750852916,24.849914769901005
-20.94664710162873,24.826464190226773
-21.194926225090754,24.80251998609141
-21.44301587573905,24.775533517852303
-21.69080022149343,24.745084179772814
-21.938353477868088,24.712210716529352
-22.18582360890737,24.678280944220106
-22.433003648760796,24.641983723269057
-22.67958610862513,24.601614228188918
-22.92533811774956,24.556318675207788
-23.170000127107027,24.505351260342184
-23.4137852490615,24.450252234227875
-23.656855268917315,24.392018443878484
-23.899190096039902,24.330753519027823
-24.140476747433052,24.265456486403355
-24.380306067512894,24.194984629783452
-24.618519837863566,24.11920213923691
-24.85528653864218,24.038998886360783
-25.09091908986306,23.955510083607756
-25.3249890167454,23.86773350668213
-25.556965955909224,23.774573914753812
-25.78584076732755,23.674038925733903
-26.011435977232296,23.56633330697817
-26.234185042721517,23.45285153398471
-26.45470372693479,23.335083171644534
-26.673726093988233,23.21455408901691
-26.890906460684832,23.090738794880746
-27.10538867007701,22.962310681413758
-27.315875241038135,22.82745004553368
-27.521614936707852,22.68544227641479
-27.725089719818694,22.540192003356424
-27.929537697814496,22.3963169983697
-28.134997149425946,22.253887589791095
-28.339211049989615,22.109682256366973
-28.539524670778782,21.96011693534169
-28.735295726227164,21.80465211367035
-28.928312306498484,21.645767892182928
-29.12156145856323,21.487166962167823
-29.31572983004419,21.329691300246456
-29.50827030447904,21.170241947047803
-29.69500532623412,21.00404431811188
-29.875500702988685,20.831084551762967
-30.050648976804833,20.652702615835498
-30.22311662395894,20.471720765944916
-30.393725224063875,20.2889869105075
-30.560461583334412,20.10272290176564
-30.72087282745383,19.910989677484352
-30.875378320035054,19.71445493734853
-31.026801432580772,19.51553192580295
-31.1781277795871,19.316534172867836
-31.33118230396444,19.118862920065688
-31.484563968334804,18.921445218951487
-31.636045391918703,18.722565574798217
-31.785174090810315,18.526452704581587
-31.931638965726577,18.345997258686825
-32.08668943939247,18.177830918939446
-32.235894719259996,18.029887747681837
-32.39504872072133,17.876875486059486
-32.538645428842564,17.726084283765033
-32.688879280325885,17.552774591453225
-32.829562254047566,17.39098423580295
-32.98618465450854,17.25002396267995
-33.179299541206596,17.134210165354755
-33.38466827402325,17.04771992512192
-33.586867165476605,16.980897978613008
-33.7836757944934,16.90605638465007
-33.9678695910653,16.798279572460704
-34.13597379878803,16.66350907594385
-34.2920825065293,16.521155387124896
-34.45493300499486,16.388312506202762
-34.637686018914685,16.285473964749247
-34.84203900580383,16.222710521832962
-35.04285035125187,16.192786550419132
-35.26215371008974,16.176706496429574
-35.473692509808856,16.159772164933432
-35.68574771634531,16.113906873805824
-35.89089676245966,16.039660868100274
-36.085076624092444,15.954866067107666
-36.28199749208916,15.88104160801564
-36.48805235764697,15.841931329388837
-36.701756671415716,15.847690236637503
-36.92816630484174,15.890161989324469
-37.1361473326385,15.946649672654484
-37.34134833915518,15.996548834464212
-37.555458765968346,16.015859541605366
-37.769762499188666,16.007223943864506
-37.98000767536328,15.988942209680744
-38.19005569996072,15.986324466227316
-38.39669593651579,16.021875074060283
-38.59454919687449,16.10277950821414
-38.78514481614407,16.222458166020697
-38.95358991636539,16.35386316098978
-39.120979576206686,16.481964652572277
-39.30429702347217,16.585109351645276
-39.50902342194743,16.658993813077903
-39.71405028799674,16.712595665623596
-39.9165601187807,16.769598791947622
-40.10824492614966,16.854806194680858
-40.278423140427954,16.977995465123463
-40.441861656431165,17.144996792510018
-40.58721135379646,17.313116369944666
-40.73159560899731,17.470001001802586
-40.88102327477224,17.605781653968272
-41.03433136825156,17.73561883243954
-41.19481966681024,17.880637668855357
-41.33777883814149,18.046784804851438
-41.46440580871036,18.219832748258455
-41.6026368741397,18.411265126512717
-41.72872727294717,18.578352409098276
-41.862138136192875,18.75091582438317
-41.99801843792791,18.930262085148424
-42.13159323039736,19.117994548528717
-42.2610797306961,19.313670959953324
-42.38794715470655,19.514996784792665
-42.514498770557594,19.71958929111922
-42.64203469051192,19.925970333519885
-42.77064023553546,20.133568738602346
-42.89876760304707,20.342931573732375
-43.02528850771561,20.55441317196365
-43.149377096136135,20.768222522690806
-43.273118563268135,20.98293015623479
-43.397014954685126,21.198094154381202
-43.521973768866694,21.41307126101214
-43.64826517620291,21.627605607148855
-43.77400786250447,21.84272508961057
-43.89796053940281,22.059086878006326
-44.02075736221015,22.276267425279546
-44.143473581955,22.493619110548686
-44.268785219045185,22.709582925398305
-44.39621494294198,22.924384232395166
-44.523190293445296,23.139515468681385
-44.648445657491884,23.355699840166253
-44.7720275521508,23.5728831665857
-44.895876075007145,23.789944073535676
-45.02060844122324,24.006521304093845
-45.14531552349809,24.223131142922636
-45.268953409525736,24.440366532849435
-45.39090922305427,24.65856191735205
-45.511678973519665,24.877424646111255
-45.63238947272857,25.096326736692497
-45.75438343285867,25.314521766961157
-45.87615410104476,25.532845440110982
-45.99744456352522,25.75143972956651
-46.118123799419,25.97037446640869
-46.23797438846589,26.189765589001386
-46.35693641656043,26.40964180524307
-46.47668158883066,26.629092686151477
-46.5980958566168,26.84762629638378
-46.71962048001169,27.066099433904164
-46.84027818079601,27.28505301997459
-46.9603959090164,27.504303903758714
-47.07998878987134,27.723841560300464
-47.19776749307687,27.944356477702943
-47.31321347288397,28.166103251159363
-47.42719539809551,28.388606349791786
-47.53916123927152,28.612129256549075
-47.64697271154628,28.837682306391674
-47.7493203779339,29.065765316676394
-47.84625460739012,29.296198869363995
-47.935658818591406,29.5296536624879
-48.01919378676689,29.765280258042612
-48.096961936576484,30.002866911795582
-48.16649711824393,30.242985591125173
-48.22619156846215,30.485728705550127
-48.27375510647099,30.73114229818453
-48.312649064362326,30.97809260920579
-48.34811768624387,31.225562798416565
-48.377045700726434,31.466204720898276
-48.38859556034533,31.687435468360682
-48.37723059091798,31.904826337036344
-48.34291883832094,32.135087311811375
-48.29752418040535,32.33090093911136
-48.2503130073709,32.54201102286298
-48.23509574941464,32.75534893507872
-48.24941647372952,32.96701874758044
-48.27374802313743,33.17611780473149
-48.2823616722681,33.385884017168166
-48.25271311572609,33.59342565094719
-48.17749256878289,33.79350208342769
-48.06138989361547,33.992412816370056
-47.9351165094095,34.16703732876736
-47.81238987996936,34.33893344739699
-47.71158659488595,34.527996090481
-47.62958489826766,34.732192012135066
-47.55534902804799,34.931084551359994
-47.463875137589994,35.120453824291324
-47.337190432481265,35.28996135788108
-47.17327883347081,35.44598456514067
-47.004787483154736,35.57875004290851
-46.840520893865936,35.71114896401979
-46.691833599915135,35.86870957364206
-46.564784332445946,36.04594323730207
-46.45265178343499,36.22569920773828
-46.33201282494675,36.397954118295196
-46.184196989267946,36.54674306140833
-46.00464029038044,36.662750321954775
-45.79231897653005,36.75191907935117
-45.585384312473785,36.81197906070498
-45.381698305641955,36.867943458014366
-45.18746990826488,36.947773581894936
-45.007607677575415,37.06244261281065
-44.84216854539407,37.19373302837736
-44.67697783134831,37.32378430739177
-44.49685278828734,37.431275427917754
-44.29880949178991,37.49990991695723
-44.07279114813316,37.53070426372474
-43.85251453034805,37.53655304083651
-43.64015067414279,37.53663466739872
-43.43052818498943,37.55858168398563
-43.2113282509503,37.6156644193966
-43.00772061986629,37.686645743589104
-42.80724559611668,37.75319229952055
-42.60061885196577,37.790484317360544
-42.38679851981704,37.784982504605544
-42.182417541738374,37.753130870450846
-41.96218622904688,37.7102421873639
-41.75068598603899,37.6799030172913
-41.54881771284969,37.6703465074924
-41.328731627442195,37.666315367676006
-41.12637142716764,37.65362729161896
-40.90601090990184,37.62633944513101
-40.70774977553651,37.59734701374566
-40.498883516187206,37.56672030489426
-40.281686841821475,37.5349401180181
-40.0581969731787,37.500684045666254
-39.830200464385584,37.461945575624945
-39.59880892478731,37.41914435002955
-39.36453994729049,37.37446382819188
-39.127721717505615,37.32987296018728
-38.88889621666503,37.285406966358345
-38.64870582247805,37.23993069478049
-38.40761749868193,37.192778635954724
-38.16574571597164,37.14474456617275
-37.9233205818582,37.09572597403965
-37.680502553571536,37.04574659063846
-37.43726290586381,36.99557276854265
-37.193516181259604,36.94610977004467
-36.9494208120656,36.8969686204231
-36.705124311351604,36.84772547369622
-36.4607317650199,36.79809442004874
-36.21616184937714,36.74866729491375
-35.971320694613,36.70006016429872
-35.72611675457662,36.652878947972724
-35.48091202752161,36.60536904686598
-35.23633489625312,36.55448778476137
-34.99204424116787,36.502045970162136
-34.74729777037428,36.45162208122671
-34.50179126858379,36.404923477444754
-34.255656719971725,36.3615319587152
-34.00937366429904,36.31889897471832
-33.76298810943016,36.27679422332453
-33.51613794334071,36.2374586400417
-33.26871183905235,36.20188246873811
-33.02081674546921,36.16967320056771
-32.772799874511264,36.138374871554774
-32.52480326262387,36.10688899031511
-32.2768820671319,36.07479312208972
-32.02876965026513,36.04420090202473
-31.780395435090195,36.01579542137427
-31.531807358621432,35.98931027648375
-31.28345600318763,35.96070021793958
-31.035533470940297,35.92857009311777
-30.787818735056103,35.89486334288271
-30.539720813025514,35.86411905679408
-30.291325183867187,35.835854667075296
-30.04290954261873,35.807769168871836
-29.79484015504316,35.7767810554632
-29.54719803769709,35.74253576949067
-29.299515701671663,35.70858396511925
-29.051469361869646,35.677409464621235
-28.80295406227137,35.6502273377645
-28.554190044965807,35.625404841354985
-28.305356425068563,35.60128636004367
-28.05644483549333,35.577991830137734
-27.807096144649783,35.56014534222126
-27.55724981643112,35.55186552884028
-27.307260980882536,35.552543515330555
-27.05734227973089,35.5588401488475
-26.807483030623317,35.56721838755738
-26.557647739492783,35.576289018934226
-26.307921122117772,35.58786663986227
-26.05858272160516,35.605934148664936
-25.80987280942894,35.631230380635124
-25.561630782352502,35.6608228229839
-25.31340332383746,35.69053636372196
-25.06495605153794,35.71835094624604
-24.81653535521626,35.74639675867871
-24.568638428761133,35.7786963428464
-24.321739862081934,35.81790802677483
-24.07560006880147,35.861665659941565
-23.829618373367484,35.90630767425944
-23.583469245905174,35.950017981976046
-23.337565073632334,35.995074533411774
-23.09276531830144,36.04575180669635
-22.849592822120048,36.10375095550798
-22.607944891718365,36.16780616887914
-22.367304894413127,36.23556989017454
-22.12706184366103,36.304729014375404
-21.887550931079957,36.37637852017561
-21.649285570183476,36.45205969993717
-21.412628254597575,36.532623578143806
-21.17801236101504,36.61895093892625
-20.945094415017486,36.709769312568646
-20.713756996411103,36.80453865958965
-20.48428150742624,36.90373317437133
-20.256090567372592,37.00585362674264
-20.027981694437266,37.108158718799785
-19.80048497109186,37.21181181374664
-19.57516803594695,37.32010962288494
-19.352948151934033,37.43463002141539
-19.132833488323325,37.55315598716416
-18.913827926403517,37.67372239288667
-18.695555609259618,37.79561128569041
-18.47879951386003,37.920171225312956
-18.264750401815036,38.049314869063906
-18.05501580293988,38.18534801831275
-17.8493621836816,38.327487679963234
-17.646698655073365,38.47386456431359
-17.44504912931104,38.62163933876649
-17.24423495600674,38.770546354554256
-17.04545612609461,38.922153549389066
-16.850629749660357,39.07880452281268
-16.66029198921872,39.240872073077924
-16.473720287378853,39.40727400222475
-16.28950947209547,39.57628737239432
-16.10805944923606,39.74825620071331
-15.92996323067737,39.9236995575602
-15.754987719671512,40.102255771708144
-15.581865205195657,40.28261187097656
-15.410045467219296,40.464209822178006
-15.239190486808518,40.64671341993818
-15.072049415861295,40.83261726094924
-14.910149688271481,41.02310382934849
-14.751881013632474,41.21662455918348
-14.594220525087094,41.410643022849385
-14.436021651830675,41.604221822591235
-14.277030287797897,41.79715052909982
-14.121404851137003,41.992796742900424
-13.971756413122256,42.193046890989784
-13.82660160298608,42.39658771241511
-13.682404035268,42.60081073973564
-13.537608534035643,42.80461013234408
-13.392774716563736,43.00838173703242
-13.251591210782646,43.214692929494724
-13.115668576143415,43.424505377229515
-12.986463346047621,43.63851655174985
-12.862396130813844,43.855555051669775
-12.741963791353989,44.074631443381996
-12.625313579468777,44.2957436866455
-12.514719403862077,44.519935300283855
-12.413757159049005,44.74861721139698
-12.325910017433577,44.982628482747565
-12.254555865529436,45.22071232443528
-12.201573980483902,45.46085095657599
-12.171102812646508,45.69859009066243
-12.165457481773004,45.928867336255465
-12.184850242352985,46.16058044715852
-12.226170543549603,46.37549237987285
-12.292713044991384,46.57052267027715
-12.386235094788267,46.758547437020326
-12.498582915700554,46.9313855619478
-12.65063779096911,47.11429000595993
-12.825433665538535,47.2745389669869
-12.992481591745504,47.40073884457038
-13.191495391661807,47.52698984033602
-13.370719242520511,47.61642256798424
-13.595169812914815,47.703211649692086
-13.79823391287171,47.76333403150568
-14.011634370941339,47.81700169963724
-14.233181153275936,47.86420934255036
-14.461163096380757,47.90496450927035
-14.694298574052592,47.93876516270356
-14.931505130311116,47.96532143604393
-15.171719012046244,47.98645204811231
-15.413990955324543,48.005977584936815
-15.657750300885505,48.025730543046464
-15.902833821693456,48.04358036978637
-16.149179136371863,48.05577234720333
-16.39647824027323,48.062012782907935
-16.64431525335473,48.06923511311005
-16.89238397731276,48.08178654487093
-17.140565321490104,48.09841239774309
-17.389136510742382,48.11313123962695
-17.638228847120057,48.12100851164877
-17.887591683997393,48.12482893208968
-18.137020399528264,48.131550730243156
-18.386318967443973,48.1442424029604
-18.63554599443543,48.15972324104002
-18.884990717003063,48.1724081376754
-19.134634155442882,48.18177191647963
-19.38434912312361,48.190251146632875
-19.63401428129323,48.20081325466618
-19.88357374646298,48.21410249838126
-20.13308957315578,48.22851139969202
-20.382549301934066,48.24410799654154
-20.63208313300676,48.25866029733658
-20.88175694146835,48.27074047276077
-21.13156442333129,48.279852427137335
-21.381368024891575,48.289214450423295
-21.631028120333475,48.30189842135707
-21.880487308111643,48.318133915466724
-22.130022011472,48.333181434838906
-22.379806381011935,48.343276576378166
-22.629751556863912,48.34801171014839
-22.879715495493283,48.35189474106778
-23.129560512050766,48.3603745954768
-23.37912928408882,48.37492715613308
-23.628555252099833,48.39181296057945
-23.878262152195866,48.40367219333392
-24.128211817583846,48.40835762671854
-24.375897280165276,48.41169821471797
-24.621892664476306,48.420737580355755
-24.868434557532428,48.43570048835072
-25.11563454944612,48.45052894877572
-25.363599721628546,48.46007099976179
-25.6121044802241,48.46500181144483
-25.860902750600605,48.47070678396353
-26.109728143232047,48.48251857393206
-26.358516492799975,48.498530681662984
-26.607582277237448,48.51236118675484
-26.857033752151754,48.519867986539744
-27.10667418318996,48.52333580013738
-27.352327169250398,48.53130574950612
-27.59812781195486,48.54702586656993
-27.837298137420788,48.564800512016525
-28.072300337257385,48.57674972834203
-28.31071551777558,48.582576616024994
-28.539193603604478,48.58860392988438
-28.764151054566042,48.60131581143477
-28.99405725989687,48.61993014914054
-29.22802633836684,48.640151488489316
-29.465347081416844,48.65962689411846
-29.705348436535047,48.677773377553756
-29.947417637329817,48.69526356035377
-30.190862372550185,48.71541338957389
-30.435255690981506,48.73884661723788
-30.680522087672827,48.763325834151345
-30.926665559632756,48.78663254856496
-31.17354713570362,48.80840969019169
-31.42071628803927,48.83212295347186
-31.667980773539526,48.858551357205215
-31.915352277391865,48.88662391979095
-32.16281066828326,48.91590635603644
-32.41053677772481,48.94441418022955
-32.65844573667008,48.97253722504716
-32.90630887428998,49.00198573452981
-33.153808141335944,49.03499516456626
-33.40094911514749,49.07104973864951
-33.6480008820602,49.108073686056564
-33.895325301826496,49.14352077094896
-34.14280040030011,49.17813252900917
-34.39000217828525,49.214807790826185
-34.636794232580044,49.25426611339808
-34.88309339302207,49.29679068975571
-35.12938204929078,49.339448128075766
-35.375963377573285,49.3804399247624
-35.62274428829838,49.42025825247099
-35.86943416420652,49.46067143035752
-36.11561678621024,49.50409100919498
-36.3614740759267,49.54934110071596
-36.60740494154362,49.594201544834675
-36.85350776324541,49.63812601433743
-37.09955538228754,49.68236852278356
-37.34554912492751,49.72691463812234
-37.59134793257065,49.77252703517468
-37.83686822689823,49.81962422029419
-38.08234815799328,49.86693495473404
-38.327994603259455,49.913376617298894
-38.573576417848685,49.96016092153042
-38.81925573019932,50.0064328093984
-39.064940149075376,50.052678576595866
-39.31042725325322,50.099958893802224
-39.555640847819895,50.14864168956052
-39.80075825240497,50.19780626588075
-40.046038612857394,50.246152096378246
-40.29149731599054,50.29358467590416
-40.53709045534914,50.34031687609505
-40.782805489594494,50.38640272508775
-41.02840390693853,50.433105800367066
-41.273684043109746,50.48144917882469
-41.51870098178895,50.53111301541956
-41.763846757932434,50.58013717730462
-42.00918934152856,50.62816762599478
-42.25457793367955,50.675963199574305
-42.49977907331926,50.72470945107434
-42.74476016376614,50.7745512814425
-42.98989962605644,50.823605570941055
-43.235314633485096,50.871263355656716
-43.48106804536446,50.917144037098794
-43.72701076105921,50.96199942504287
-43.97291332063606,51.00707488794848
-44.218409460850054,51.05430904837188
-44.463595781571186,51.10312908114648
-44.70860755723125,51.15282026951824
-44.95361299969743,51.20254264660026
-45.19876807604016,51.25151801198108
-45.44413456969801,51.29942473766882
-45.689713690657,51.34623062424944
-45.93516617075923,51.39369321242505
-46.18022944127116,51.44312413713338
-46.425250489536346,51.492768426745094
-46.67039060087325,51.541822372993444
-46.915386321348564,51.59159133410864
-47.15996095011126,51.643386818191296
-47.40448162873109,51.69544063621907
-47.6492839353636,51.7461509410809
-47.89452995088527,51.794668559687324
-48.14016439911932,51.84117833860592
-48.38603123121807,51.88644947727675
-48.63169572819368,51.93280351540175
-48.87692712822858,51.98139284012648
-49.12194580411901,52.031049424835565
-49.36725290180573,52.0792575555585
-49.61273716368012,52.126559434510945
-49.85810440209049,52.1744646284382
-50.10323286848292,52.2235751265244
-50.348434514229346,52.27232083990752
-50.59385526583899,52.31994862613903
-50.83949893281337,52.36641497214147
-51.08506638925917,52.41328286844816
-51.33041839088437,52.461265799616235
-51.575649733539464,52.50986183033456
-51.82099338939607,52.55788740547702
-52.066270240149436,52.6062509092074
-52.31143386449507,52.655187152509974
-52.55647208728341,52.70474759951833
-52.801349291389265,52.755097609385196
-53.04614094116854,52.80586207410031
-53.29092184154876,52.856678244160484
-53.53576657470554,52.90718600127712
-53.7807182113836,52.957172751199884
-54.025841349704514,53.0063102771265
-54.27127329823711,53.053877877320296
-54.51708299613719,53.099457084828366
-54.76298602158595,53.1445307231005
-55.00861845259278,53.1910510159247
-55.25384151844992,53.239684949237144
-55.499047283780456,53.28840570293346
-55.74501058595803,53.33313305336797
-55.99190981508872,53.372346072885286
-56.239637984239174,53.40595563800585
-56.487661445955574,53.437327651674195
-56.73554145343716,53.46981039620519
-56.98318804193461,53.50403212336383
-57.23104556062673,53.53667058197757
-57.47957685073833,53.56367220661636
-57.72856222481459,53.586153520690864
-57.97762731686108,53.607753684246696
-58.22652366644858,53.63119655383916
-58.474971384435776,53.65899434144678
-58.72331599737843,53.68771427979193
-58.97195541202144,53.713730888772865
-59.22098371689252,53.7357389328378
-59.470117078189155,53.756535666752775
-59.71913270494525,53.77869465574028
-59.968068018189626,53.80174149159183
-60.21708196505189,53.82392147490877
-60.46622133960704,53.84464248132121
-60.71546983593458,53.86400704850943
-60.9648210231553,53.881996472628586
-61.21441737257282,53.89613300054768
-61.464220834367836,53.905992801696605
-61.71410576134272,53.9135594582493
-61.96400616061397,53.92061385450123
-62.2138788157929,53.92859092668901
-62.46378168021561,53.93553396799362
-62.71374368149857,53.939774976155334
-62.96374152362897,53.94022617936074
-63.21373941456431,53.93920906602305
-63.463736994781435,53.93976056694689
-63.713705869181496,53.94362835452578
-63.963682502074136,53.946920174206696
-64.21367757834827,53.94605047150102
-64.4636494821681,53.942329476581925
-64.7136379874824,53.94013556321849
-64.96362808944669,53.941996610170705
-65.2136034849544,53.94549527703935
-65.46359975972982,53.946603879766585
-65.71358336935886,53.94389190147995
-65.96355925041557,53.94043839058885
-66.21355491911957,53.9403777015802
-66.46351860330479,53.944585336058886
-66.71347534066835,53.949208068346266
-66.96346919469258,53.94962047894623
-67.21343106969783,53.94539122538851
-67.46338465423923,53.940614520432554
-67.71336322047878,53.93737327664672
-67.96334898136236,53.93471916991448
-68.21331545588798,53.93067254592521
-68.46322890112533,53.92412504271984
-68.71311202170394,53.91648276130682
-68.96297294936265,53.9081489785955
-69.21282581551647,53.89957734737978
-69.4626465453534,53.89011585443515
-69.71237443571688,53.878493642915586
-69.96202006654836,53.86518863390936
-70.21160364624599,53.85077813676407
-70.46102743009796,53.83382407968925
-70.71024753614758,53.81411246583807
-70.95935759029679,53.793037582036675
-71.20830125849722,53.770088032350245
-71.4571744655367,53.746381225766655
-71.70581016419303,53.7203164881826
-71.95411266546489,53.69125052769523
-72.2020535746269,53.65923787004685
-72.44980258583806,53.6257661467732
-72.69763312204608,53.592908483336956
-72.94576656144228,53.56242134579504
-73.19409477186692,53.533563057194215
-73.44226522350841,53.50339018724608
-73.69023718770472,53.471612202909284
-73.93836360496232,53.44106669981694
-74.18657770753198,53.41124072749228
-74.43451543970146,53.37921282601819
-74.68173841346423,53.342102104708886
-74.92753873298165,53.296561534504704
-75.16468852110216,53.238998699285695
-75.37670360650873,53.16626395357489
-75.55436163867779,53.073859210164876
-75.71386014414577,52.92989608214196
-75.82359708387601,52.75154476584104
-75.89776346640413,52.53254661090921
-75.92314248780225,52.31812034567478
-75.90689308611313,52.10546536636147
-75.85864980524782,51.89709324080516
-75.77877958038727,51.67990826251789
-75.68844755416531,51.48512384055704
-75.57632625541436,51.27708833135003
-75.4681214418453,51.097737880052065
-75.34861717987687,50.91514230326026
-75.21952940466605,50.7307401287781
-75.08137511965658,50.546258665610644
-74.93556161522237,50.362352545499874
-74.78310250572983,50.17958651274032
-74.62525675821,49.99800097500779
-74.46356206358641,49.81709953738384
-74.2966674406358,49.638801961213154
-74.12445324497617,49.463880925201025
-73.94914091088258,49.29066255249195
-73.77314736336183,49.11704241956973
-73.59795470828502,48.9417637720417
-73.42205394434066,48.766527597837346
-73.243936859095,48.59301684419774
-73.06386019526914,48.421119860948686
-72.88345553765419,48.24923818766595
-72.70552614916629,48.07454342670165
-72.52964709062101,47.89758725393915
-72.35405789555892,47.72018836335825
-72.17699257759512,47.544142562586075
-71.9983655504608,47.36958412326661
-71.8212535025423,47.19342050196786
-71.64850428386865,47.01291856767116
-71.4775585685862,46.83065798131817
-71.30513664731822,46.649761596784515
-71.12912305273471,46.47233249833161
-70.95069191351506,46.29730687713926
-70.77318425904093,46.12132946283363
-70.59858185973053,45.94245775068741
-70.42585585877494,45.76175926834448
-70.25356104884214,45.58064189061164
-70.07904346064028,45.40166055529143
-69.9022125612584,45.224959369916185
-69.72470754552127,45.04892935373381
-69.54948948003464,44.87062415288808
-69.37727888821865,44.68940618557504
-69.205261338084,44.50800267129944
-69.031178725362,44.32858080684977
-68.8549928489524,44.151220339810166
-68.677966403094,43.974697179966014
-68.50162966928939,43.79748459774083
-68.3263839265201,43.619193181595996
-68.15271599763119,43.43936382003798
-67.97886797181594,43.259707657803474
-67.80442254667773,43.08063139544743
-67.62848676968781,42.90302064920701
-67.45196716079937,42.72598849408504
-67.27753459791657,42.54690160626016
-67.10505313041689,42.36593302279239
-66.93359301320838,42.18399540963168
-66.76119713107367,42.00294529001845
-66.58687498079281,41.823749163355856
-66.41111993050505,41.645957970997586
-66.23567677743628,41.46785944046842
-66.06212989719641,41.287912451663566
-65.88976263871022,41.10683384513134
-65.7164277796697,40.92668397638471
-65.54110238021018,40.748468069213
-65.36639539724088,40.56964665343714
-65.19295530950521,40.38959564321298
-65.02020588874768,40.20888187877072
-64.84805435364513,40.02759824832743
-64.67371367504803,39.848422419588545
-64.49852111515781,39.67007649092398
-64.3258752673612,39.48926863972331
-64.15734125890909,39.304625670788575
-63.992427511691524,39.11673496752995
-63.827668985151504,38.92870821268385
-63.6594754632852,38.743752864104856
-63.48943199168488,38.56049066904194
-63.321792142348365,38.375029113604455
-63.15753548427116,38.18657013519097
-62.99678029713843,37.99510922618928
-62.8374567009741,37.802454198949356
-62.677645057337934,37.610204002838266
-62.51792189470816,37.41788074772907
-62.36133422098377,37.22300214428164
-62.210723259746224,37.02347841778257
-62.065261012376766,36.82015691623295
-61.92104426115661,36.61594747358481
-61.77583672263985,36.412442477109224
-61.62987447169008,36.20947710866898
-61.4854653992743,36.0054044774791
-61.34293181246573,35.80001706155694
-61.20223145245275,35.59337009576948
-61.06255033259413,35.38603184824909
-60.92294399685804,35.178643203716064
-60.782633557747985,34.97173051450361
-60.64172655792087,34.765223543922545
-60.50075662158295,34.55875935446206
-60.36038996016734,34.35188475260635
-60.220638583927446,34.14459399919255
-60.08213330293381,33.93646892293164
-59.94510561476385,33.7273681471534
-59.80867734874172,33.517875133500624
-59.673027249996046,33.30787830428956
-59.54003014350079,33.096194358390434
-59.41262925727855,32.88110193016907
-59.2903553900953,32.66304868307101
-59.1705939100838,32.44360136643303
-59.05015449334738,32.22452536548148
-58.93196272265965,32.00423128444284
-58.817223388139254,31.782121131307957
-58.70637154472377,31.558045428282306
-58.59832707942725,31.332599286341832
-58.49122171131187,31.10670470661153
-58.38241829000048,30.881624413754107
-58.27269194205053,30.656991273136242
-58.1641873349385,30.43176599269516
-58.05666475862144,30.206069822768303
-57.94987964814788,29.980023708119337
-57.84361163085358,29.753733854435513
-57.736366629010355,29.527905663910783
-57.62967116327538,29.3018177900627
-57.52530636201034,29.074645719757076
-57.423017700637665,28.84652975168947
-57.320843991657455,28.618362139369317
-57.21684943109755,28.391020200319332
-57.11074262646953,28.16465485729005
-57.005786193697276,27.93775543953833
-56.90341855081776,27.709675963467344
-56.802303828528174,27.481036999532098
-56.699886270297895,27.25297876875236
-56.59625751086799,27.02546881912207
-56.49201775389361,26.798237643768807
-56.38895171174051,26.570472067262305
-56.287621432267166,26.341928826668376
-56.18493681907043,26.113992744006843
-56.07888763994761,25.88760189439171
-55.971296429062846,25.661938152696205
-55.864888400519355,25.435716260275203
-55.7624303146944,25.207679499134436
-55.662055416651455,24.978714908798523
-55.559597564913204,24.75067931711401
-55.45264274854237,24.524715324067333
-55.34455249016877,24.299290259385053
-55.237358108989184,24.07343903900599
-55.13301447481977,23.846256620255787
-55.03086077243459,23.618081257818822
-54.92961807067727,23.38949909709041
-54.82548283439243,23.162224232607443
-54.71756809138713,22.936715833879887
-54.609121311420566,22.71146219749551
-54.502645169769465,22.485272807165252
-54.3987151980196,22.25789996722277
-54.29507359565229,22.030395250974987
-54.190270464896415,21.80342453047876
-54.0826915463693,21.577756156304584
-53.97470933350481,21.35227926528954
-53.86730861437367,21.126525159802714
-53.76184482012883,20.89986011147619
-53.657553817189026,20.672652721602784
-53.55406306915726,20.445079423562138
-53.448289484336655,20.21856201014497
-53.33871043390762,19.993858667283305
-53.22696048109337,19.770225892942868
-53.11449940979462,19.546949457919673
-53.00450115784695,19.32245104990458
-52.897582397392426,19.096471157408843
-52.791971463457564,18.869874090884046
-52.6843854376898,18.644208925788444
-52.57420451273145,18.419800576065306
-52.46192253219752,18.19643393006575
-52.349992170159766,17.97289101751606
-52.23956069361114,17.748604754838933
-52.12991697732355,17.523931188020992
-52.01808390972224,17.300342647834963
-51.90226072060703,17.078793386843316
-51.78509788664481,16.857947804076222
-51.67051074143714,16.63575769294888
-51.55894375770153,16.41203392436031
-51.447824275800706,16.18808727605488
-51.33349756271059,15.965762706320822
-51.21544475202288,15.745394339268438
-51.094968302727885,15.526339218338236
-50.97496217084976,15.307027236210049
-50.85850215419624,15.085813155068207
-50.74374080761849,14.863710310427141
-50.62846079050663,14.641876624263826
-50.51079633037867,14.421300254474168
-50.3913902837526,14.201659279536303
-50.27210792830326,13.981951420347189
-50.15480624950629,13.761180629319878
-50.03906481686023,13.539587312557664
-49.92230685797021,13.318529226622788
-49.80345757127658,13.09858723984289
-49.68310430397423,12.879464018179158
-49.56152832659383,12.661017463412293
-49.43951684509851,12.442813308268097
-49.318194969124235,12.224224718804638
-49.19702330027853,12.005552896691846
-49.0758012175166,11.786908962365896
-48.95327514656871,11.568994725902579
-48.82846094637335,11.352382236888031
-48.7013971622986,11.13708214261186
-48.57228900817793,10.923000816276803
-48.441245727258575,10.710098983303059
-48.308242888669255,10.498415698509628
-48.174253778332606,10.287354376832408
-48.04066174929893,10.076041446809638
-47.90608706895958,9.865354094157302
-47.76905241626834,9.656259779723039
-47.62803726475327,9.449831549147325
-47.48456053500264,9.245102381671856
-47.341524276898674,9.040065991659684
-47.20118872959331,8.833171138662298
-47.06170631216031,8.62569914388385
-46.92081844203158,8.419179882882512
-46.77667025968246,8.214927474437848
-46.6292649667393,8.013008699249237
-46.48188874858883,7.8110685295749045
-46.33665158804351,7.607584133679314
-46.19278650787209,7.403127234307942
-46.04939284505985,7.198338991705726
-45.90428077497905,6.9947673204902205
-45.756821348436574,6.792887803686277
-45.60955925940737,6.590865181113543
-45.46493644588222,6.3869436903246175
-45.32059094781158,6.182825707218617
-45.175618825341125,5.979151804389684
-45.02972658395437,5.77613646808251
-44.88352567863919,5.573342872883844
-44.738018779234004,5.37005076099116
-44.59316911171257,5.166289863139352
-44.44781078601756,4.962891393958484
-44.30252650617456,4.759440076398447
-44.157835560787355,4.555566495297777
-44.01465518975045,4.350629498131182
-43.87198016199117,4.145339883147432
-43.72815404210289,3.94085631440457
-43.5825790976004,3.7376132036335257
-43.43696600949576,3.5343970873600927
-43.29222888089465,3.330556899682876
-43.148828470338124,3.1257735185040696
-43.005065289967575,2.9212450165709845
-42.859438274368514,2.718040093718467
-42.713087276370494,2.515354720585366
-42.56675710390357,2.3126542670084373
-42.421027697548446,2.109521773020607
-42.27653613723416,1.9055072148947438
-42.13208815185971,1.7014613141985364
-41.98720309084562,1.4977255533529183
-41.84233477687492,1.2939777777660713
-41.69791806882872,1.0899097669085036
-41.554460182639396,0.8851668781391409
-41.411482380439864,0.6800881663905431
-41.267249350941476,0.47589062382720987
-41.12197619261401,0.27243144298649363
-40.97668004951838,0.06898876112259753
-40.83210507138452,-0.13496706501084255
-40.688259190937174,-0.3394379826142757
-40.54460937537141,-0.5440465503656351
-40.4012300629008,-0.7488448468108565
-40.25740630120324,-0.9533311393026228
-40.11296203183338,-1.157379706217446
-39.96805527751489,-1.3610999968821553
-39.82158430347946,-1.5636977073384974
-39.674287866442214,-1.7656970967736387
-39.527764651369225,-1.9682571151817583
-39.38233740778832,-2.1716062559842784
-39.237098064520566,-2.375089722866728
-39.089774948991234,-2.5770653511183577
-38.9392510977155,-2.776669390122715
-38.78829668782246,-2.975949512713609
-38.639295641021945,-3.176693321079475
-38.49220553501908,-3.3788422483415688
-38.3455135690128,-3.5812808941885965
-38.19752286113213,-3.782771305667769
-38.04796320646523,-3.983100155333096
-37.89887408914182,-4.1837786365833205
-37.7526320896375,-4.386539824279271
-37.60978210600399,-4.591704836132078
-37.46972540177971,-4.798786548766011
-37.33175141173029,-5.0072646291761505
-37.193995405131446,-5.215886856305913
-37.05715725980133,-5.425111693471449
-36.92328760410405,-5.636245114633296
-36.7940938312172,-5.850269886535972
-36.66798209598827,-6.066127787551832
-36.54418411062862,-6.283323134426819
-36.4208319050407,-6.500772361606763
-36.29787558601163,-6.7184457304629275
-36.175522781379364,-6.936458897286027
-36.052993185709994,-7.154372785824385
-35.93060200929936,-7.372364387423831
-35.80734961243336,-7.5898697813853575
-35.68200978743239,-7.806175269137701
-35.55126424052051,-8.019247938847522
-35.413079984664414,-8.223177590506031
-35.26383614905259,-8.41353501342559
-35.10461418337579,-8.586689301559076
-34.9380327519616,-8.73542338130351
-34.76539738690371,-8.85374063310555
-34.58529952566538,-8.942431205232312
-34.36222283779172,-9.011670000850327
-34.127147968362934,-9.047540191487412
-33.89081443231098,-9.055771857916868
-33.683989585206824,-9.04512343685037
-33.46875133763376,-9.022915150161403
-33.24720751300193,-8.992234644369201
-33.020676729300426,-8.95637621754676
-32.79059866020469,-8.914729800625734
-32.55796717504931,-8.867822884984403
-32.323600707966484,-8.81587455191161
-32.08829428341056,-8.758479227987877
-31.852042306722822,-8.697909828306301
-31.614582110066664,-8.636736930961352
-31.37612324159985,-8.57529215674337
-31.136838134705123,-8.513803438014786
-30.89738606215163,-8.450438534638321
-30.658078572110583,-8.384625236599815
-30.41852059844632,-8.318249115934918
-30.178074179413418,-8.253972713370088
-29.936696848673662,-8.192311310718914
-29.69505506578081,-8.130923428107854
-29.453900101992563,-8.067075216349204
-29.213440415376315,-8.00022417608924
-28.973099034335693,-7.932608127083707
-28.732556600521576,-7.86544717647108
-28.491481695143612,-7.800014881120906
-28.249920168571602,-7.73622816387335
-28.00829960999027,-7.672529289941497
-27.766863059726024,-7.608035618273058
-27.525834718639228,-7.54195082976454
-27.284812693505653,-7.475780962216409
-27.043568618266075,-7.410375747339126
-26.80228764862098,-7.34506759691764
-26.560978989620555,-7.279832837004969
-26.319313952043224,-7.215905474860243
-26.0777947457807,-7.151410477264476
-25.836381754809963,-7.086504765118274
-25.59529228750098,-7.020396676202755
-25.354303323527034,-6.953913118835271
-25.113173900158227,-6.8879353465603845
-24.871504922835857,-6.823959949901294
-24.629464268911445,-6.7613959616210355
-24.387834505782273,-6.697265704589012
-24.146667798480085,-6.631407810262717
-23.905399816755565,-6.565922197604932
-23.663625189579367,-6.502328000220087
-23.421324604421635,-6.440770862490056
-23.17894637843704,-6.379515177999785
-22.93717691676586,-6.315904068728124
-22.696207938552256,-6.249320875276833
-22.455479659406098,-6.181869876511485
-22.214315484514984,-6.115999768715868
-21.972498683974745,-6.052563149713935
-21.73067670750491,-5.989144662602804
-21.48952036099413,-5.92324490213676
-21.24881926270752,-5.855695811191109
-21.007831125273313,-5.789181856687014
-20.766101485414364,-5.725417535918064
-20.523741884408143,-5.6640856739540935
-20.281462775822526,-5.602438566049702
-20.039872071429475,-5.5381512414146545
-19.799182026720054,-5.470564328459627
-19.55832449703956,-5.403576393006242
-19.31687502071767,-5.3387564801242196
-19.07491314271935,-5.27587295768188
-18.83353339269472,-5.210797538430296
-18.593017183278594,-5.142596653678935
-18.352350245652755,-5.074931861490453
-18.110269667651053,-5.012525985076146
-17.867518801069355,-4.9527598626909315
-17.625153632587335,-4.891457917078695
-17.383929487558373,-4.8258137868842015
-17.143644191919357,-4.756801620859969
-16.903276976193876,-4.688076529005957
-16.661896878724914,-4.62300957758723
-16.419928716882502,-4.56014969949772
-16.178258217434095,-4.496160574579943
-15.93766335153869,-4.428244137254534
-15.697669591198444,-4.358223406544737
-15.457216663973204,-4.289801431769587
-15.215812644045712,-4.224821484008653
-14.973314322304876,-4.164043249427347
-14.7309241242779,-4.102834369361556
-14.489795032215474,-4.036856729397873
-14.249901473275449,-3.9664956687449684
-14.009936198456778,-3.896384017412882
-13.768428547312746,-3.8318051997691285
-13.525439667223687,-3.773025645146071
-13.283502214192294,-3.7158817986729744
-13.04541109345491,-3.654115503254405
-12.808192311920584,-3.585857580989823
-12.571137896598197,-3.5146097682758133
-12.332953747526021,-3.4453140215453284
-12.092712023777253,-3.381872530609706
-11.85148673816774,-3.3209047088715247
-11.610633224927605,-3.257479079742522
-11.37076944622782,-3.1896595309211144
-11.13094463415077,-3.121118271313235
-10.890348650756765,-3.054873625116137
-10.648901817240304,-2.9914166979851835
-10.40704346728732,-2.929233811368515
-10.165376382389773,-2.8660769235821406
-9.923965470618665,-2.8017654619567
-9.682737056131726,-2.736631526224458
-9.441303926229574,-2.6721493833900296
-9.199458037670091,-2.60914366770988
-8.9576095456125,-2.5460783369222155
-8.716067350155715,-2.48179783658226
-8.474576210297357,-2.4172820381069853
-8.232796829546823,-2.3538236093353087
-7.990683295479694,-2.2916232514016555
-7.749124331843453,-2.227288171822287
-7.5084227408454725,-2.159798822594101
-7.268120420972503,-2.090886188229588
-7.027317485234183,-2.0237427512225916
-6.785500541677415,-1.9603449263244368
-6.542924001570028,-1.8998997132392605
-6.300776551503941,-1.8377603695905398
-6.05959055269082,-1.7719852582597206
-5.8194281533706205,-1.7025614248997198
-5.579507943425182,-1.6322974249283548
-5.3384555958931434,-1.5660463516281822
-5.0960509467411,-1.5049019281351457
-4.853714463724422,-1.443484033003493
-4.6123836233311035,-1.3782400417749903
-4.372156593991687,-1.3090299222185042
-4.131937895808017,-1.239790275629502
-3.8907720017047405,-1.1739336045460627
-3.6483214724701223,-1.1129812650280393
-3.405415978439574,-1.0538506488523003
-3.163341540990363,-0.9914133811961144
-2.9222175524105265,-0.9253956340560984
-2.681244946349849,-0.8588229506107797
-2.439767748021444,-0.7941052919235569
-2.1978498397973114,-0.7310529397515659
-1.9561039338502686,-0.6673480968150675
-1.715421039014063,-0.5997479026413833
-1.4753185590527722,-0.5301009717566805
-1.2344725317052896,-0.463080507573604
-0.9926261367568979,-0.3997601817410136
-0.750252733460409,-0.3384820078328217
-0.5082758470671976,-0.27565996295256145
-0.26711311363134804,-0.20978213508868693
-0.026685478751989795,-0.14126745669319338
0.21394465349136482,-0.07347030282509429
0.4551427569654372,-0.007720067348232256
0.6970712635315575,0.055290739501326625
0.9391903642388222,0.11756656341721737
1.1809327925229718,0.18128064485842063
1.4219287699850738,0.2477683240973698
1.6627063515323466,0.3150445122033651
1.9040611260547928,0.3802160215252732
2.146028972103471,0.4430728998076827
2.388184138798733,0.5052083762830075
2.6297686472928015,0.5695200719980132
2.8704352946538267,0.6371867123553203
3.110799124838742,0.7059256167094728
3.351902641877488,0.7720168203190291
3.5937606829199473,0.8352931171551309
3.8359324073456404,0.8973643916026018
4.077790113320138,0.9606442860325883
4.3186737771343156,1.0275328690377188
4.559168035591782,1.0958125890363686
4.800645560221384,1.1605211194762097
5.042715452114518,1.2229864948917384
5.285073057817911,1.284326656050472
5.526528038571527,1.3491164244269915
5.767095387359159,1.4171388313629694
6.007726076085082,1.4849360339073723
6.249085787857165,1.5500896480223214
6.491209576894027,1.6123452468370483
6.733349910935891,1.6745372583505294
6.974741327924204,1.7395704375669823
7.215584246323808,1.806612503971997
7.4564376480669825,1.8736141885868698
7.697852064157414,1.9385669726215164
7.939482263981218,2.002713660612936
8.181207330322135,2.066502184494681
8.422569569785193,2.131647543087828
8.663350470802298,2.1989107515431487
8.90392258151199,2.266918303008317
9.145019476747079,2.333033344270855
9.386970932348456,2.39595229785865
9.629466250718485,2.4567463428254825
9.8714146269651,2.5196741699383236
10.112485263771635,2.5858881077926896
10.353491684108171,2.6523366893399265
10.595231944936627,2.7160654589595192
10.837464669728288,2.777896805912724
11.079719208426226,2.839644067295084
11.321485485153522,2.9032654436761
11.56235425592662,2.970209176164609
11.80273009153574,3.0389074019562683
12.043411777000006,3.106521074948642
12.28536831832395,3.169412535210879
12.527812101103953,3.2304123998950924
12.769840052437127,3.293029477597656
13.01078121205111,3.3597118982604144
13.25131921785687,3.427839587057205
13.492430924151048,3.4939031767368993
13.734181215538086,3.557591255973965
13.976177789937115,3.620341802944435
14.217663604918016,3.6850240011434656
14.45844314295784,3.7522908738050167
14.698971494512973,3.82045281342694
14.939950124392377,3.887005094390434
15.180725142846152,3.954286039930757
15.420386222046217,4.025422076655944
15.658117672964973,4.102744754912672
15.893721136315792,4.186339688251045
16.127885035902818,4.27390106890653
16.361462012964424,4.363016153295152
16.594349502706883,4.453917272703107
16.825887463278768,4.5481920775793725
17.05495203701228,4.6483162138712615
17.28098342788737,4.75512036668013
17.5056793748839,4.864717347965557
17.73052690810844,4.97400345967367
17.956194850811702,5.081582240159691
18.18210891795259,5.188645606328368
18.405643282065977,5.300567288374602
18.62533967773293,5.4198476928573625
18.84181968203493,5.543936538911763
19.055430812277997,5.665492479310992
19.272363121973086,5.782946652540512
19.49100406094868,5.8987317669767725
19.708976545521196,6.016942924143093
19.92486553028149,6.139810326588343
20.139186743175163,6.266075052470185
20.35291097790198,6.3938776976265705
20.567396893835785,6.520812884636282
20.78217718350474,6.647576668254032
20.995736727011067,6.776632490162043
21.207314768836632,6.909104871043797
21.41654035740724,7.045407841655345
21.623954168081223,7.184566611069675
21.82960111453104,7.32641131190231
22.0340328276033,7.470068756085854
22.236490078190933,7.616541642496191
22.43505649325146,7.768282731749682
22.629238804278213,7.925613898837613
22.817741258136152,8.089727935629726
22.999879161679463,8.260888768591414
23.17405017963576,8.440149991746642
23.337860425832936,8.628915486821409
23.48790953503379,8.826409381712356
23.614458989154034,9.022960725968913
23.713477349777193,9.224696942296664
23.78792052236175,9.436361797687688
23.838509564412565,9.650611711325359
23.866281855980013,9.862637665017198
23.870935987723055,10.079417027406926
23.859016643486616,10.303114742604153
23.834694968936017,10.531473586613922
23.802071601324307,10.763242290199178
23.76187961659471,10.99731499483056
23.713344656610673,11.232553417713648
23.655731129208913,11.467917993198919
23.591771290803486,11.70336769126172
23.52587857286271,11.93963603696143
23.46103453159054,12.177251014928377
23.394519443946077,12.415232603787214
23.325052604153644,12.65302190753633
23.25331189594415,12.890648069501866
23.181411230204063,13.128628413660673
23.11141368029721,13.367488423249217
23.04363716323989,13.607234818181933
22.976311787806207,13.847301200547776
22.908003956922762,14.087240388996905
22.83717377499684,14.3265654175522
22.76499977179369,14.565582602635313
22.692976021387715,14.80471827339802
22.621680911933264,15.044129083665531
22.551793082729947,15.283998924697359
22.48247345903583,15.524069079609038
22.41216099032513,15.763877779539648
22.34234678602788,16.003853440522867
22.272992328256905,16.243979536025936
22.20393203700643,16.48420358597019
22.134736078064588,16.724398973153185
22.064707299224175,16.964360847783272
21.99325985831859,17.203910166839098
21.919617264987643,17.4427991384115
21.845423963541425,17.681521833309212
21.770886640013078,17.92014020472543
21.697591189874707,18.159145343423287
21.625845384361337,18.39862172163831
21.555536690309093,18.638526059467623
21.484573223242492,18.878238463186793
21.41225451723505,19.117546517190473
21.339713775961158,19.356788127814767
21.268466258195705,19.59641720883678
21.20034450332232,19.836954511218774
21.133761297109913,20.077923322670493
21.066640984267906,20.31874291398916
20.99642513931156,20.558677484600775
20.923369587561346,20.79776314214237
20.848968097976798,21.036434832181243
20.773476702600572,21.274762839776134
20.695393104834324,21.512254508664086
20.613716692933604,21.74853104535772
20.525798343609242,21.98255121196769
20.43048230674082,22.213651575202764
20.325444080883962,22.44049421742766
20.21151741415059,22.663009116630544
20.089162489900577,22.881004160579728
19.95833119408524,23.0940193194929
19.818820181466023,23.30144912753112
19.670840245446524,23.502929830279765
19.514677885789002,23.698130053411052
19.350431573748875,23.886577852253247
19.177340451756297,24.06693343297075
18.995850858769295,24.23883217933846
18.806034915760506,24.401483751198285
18.607935514678964,24.55394083979178
18.402636796702836,24.696559683713623
18.190156764062355,24.828232621930496
17.971397352238213,24.94920061396274
17.747610477501166,25.060602891921167
17.51920940686013,25.162201442915723
17.286298165970045,25.252984818116104
17.0494285766985,25.332854708504385
16.80926741082183,25.402238051704604
16.566623584707077,25.462359950082934
16.32161060033813,25.511948124506116
16.074713081396695,25.55110554074788
15.826610882539995,25.581777009144123
15.577854714843367,25.60665406089435
15.328676106746459,25.626847734542224
15.079133237279763,25.641900333709813
14.829370421267834,25.652693304624734
14.579417813073722,25.657037270047237
14.32942589505767,25.655476361143954
14.07947269480966,25.65067579387252
13.829513730822953,25.646198711716142
13.579527390770155,25.643597371162915
13.32955040510321,25.6402281163307
13.07960076692654,25.63522761270764
12.829710759948735,25.627890088630096
12.57996397295142,25.616677221627533
12.330256791817344,25.604590241155798
12.080406728501096,25.595999343126643
11.830450920510962,25.591418805706542
11.580476605247728,25.58785292388227
11.330543692444294,25.582112178456928
11.080707508192612,25.573108293391225
10.830895882153918,25.563422815329687
10.580990837253792,25.55660579735922
10.331010871457519,25.55360908811402
10.081013425826646,25.552487208729765
9.831032722324931,25.54972135113046
9.581186698100904,25.541073833652202
9.331402482375195,25.530703006871487
9.081485491628499,25.52447577667242
8.831489835326629,25.523801988745138
8.581490978222982,25.52406483279309
8.331539811058564,25.51948878168683
8.081744282231277,25.509427141672564
7.8319466131419615,25.499399399082993
7.582031224750912,25.49296410926674
7.332087857510037,25.487646946784235
7.082211109606115,25.47990253538967
6.832427452482939,25.469509787137227
6.582597562051513,25.460349527070573
6.3326401100669605,25.45604234735493
6.082641564782323,25.45589682190796
5.832643879957247,25.45511461963732
5.582670427383224,25.451575018875708
5.332752696665095,25.445199513509344
5.082911623255875,25.436299135250266
4.833083857212684,25.42703075740376
4.5831897334050025,25.4197816635047
4.3332601456497555,25.413852513055467
4.083319098997025,25.408424308963905
3.8333785083560583,25.40297628000371
3.5834532978183025,25.396872802666394
3.333548231624459,25.38998881761801
3.0836290754734663,25.38364195410236
2.833695553773136,25.377884693824686
2.5838118218734794,25.370293933514947
2.33397745261,25.361198580252758
2.084087761389369,25.35385054272173
1.834115500321426,25.350261406545357
1.5841263111990094,25.347937701049563
1.3341580825029196,25.344035834098037
1.0842788124127674,25.336333887535087
0.8344690126587772,25.326584682621032
0.5846092776109664,25.31824461052368
